<?xml version="1.0" encoding="UTF-8"?>
<!DOCTYPE beans PUBLIC "-//SPRING//DTD BEAN//EN" "http://www.springframework.org/dtd/spring-beans.dtd">

<beans>

    <!-- Creates the XWork ObjectFactory and sets it to be the ObjectFactory for XWork in the init method -->
    <bean id="objectFactory"
        class="com.opensymphony.xwork.spring.SpringObjectFactory"
        init-method="initObjectFactory"
        />

    <bean id="connectionFactory" class="org.codehaus.activemq.ActiveMQConnectionFactory" singleton="true">
        <constructor-arg><value>vm://localhost</value></constructor-arg>
        <property name="useEmbeddedBroker"><value>true</value></property>
    </bean>
    <bean id="messageworkDestination" class="org.codehaus.activemq.message.ActiveMQQueue" singleton="true">
        <constructor-arg><value>MessageWorkQueue</value></constructor-arg>
    </bean>
    <bean id="jmsTemplate" class="org.springframework.jms.core.JmsTemplate" singleton="false">
        <constructor-arg><ref bean="connectionFactory"/></constructor-arg>
    </bean>
    <bean id="mapMessageFactory" class="com.opensymphony.messagework.jms.messagefactory.MapMessageFactory" singleton="false"/>
    <bean id="textMessageFactory" class="com.opensymphony.messagework.jms.messagefactory.TextMessageFactory" singleton="false"/>
    <bean id="actionMessageSender" class="com.opensymphony.messagework.jms.ActionMessageSender" singleton="false">
        <constructor-arg index="0"><ref bean="jmsTemplate"/></constructor-arg>
        <constructor-arg index="1"><ref bean="messageworkDestination"/></constructor-arg>
    </bean>

    <bean id="dataSource" class="org.springframework.jdbc.datasource.DriverManagerDataSource">
        <property name="driverClassName">
            <value>org.hsqldb.jdbcDriver</value>
        </property>
        <property name="url">
            <value>jdbc:hsqldb:async</value>
        </property>
        <property name="username">
            <value>sa</value>
        </property>
        <property name="password">
            <value></value>
        </property>
    </bean>

    <bean id="sessionFactory" class="org.springframework.orm.hibernate.LocalSessionFactoryBean">
        <property name="configLocation">
            <value>classpath:hibernate.cfg.xml</value>
        </property>
        <property name="hibernateProperties">
            <props>
                <prop key="hibernate.dialect">net.sf.hibernate.dialect.HSQLDialect</prop>
                <prop key="hibernate.hbm2ddl.auto">create</prop>
            </props>
        </property>
        <property name="dataSource">
            <ref local="dataSource"/>
        </property>
    </bean>

    <bean id="transactionManager" class="org.springframework.orm.hibernate.HibernateTransactionManager">
        <property name="sessionFactory">
            <ref bean="sessionFactory"/>
        </property>
    </bean>

    <bean id="transactionTemplate" class="org.springframework.transaction.support.TransactionTemplate">
        <constructor-arg>
            <ref local="transactionManager"/>
        </constructor-arg>
    </bean>


    <!-- Transaction Interceptor set up to do PROPAGATION_REQUIRED on save and delere methods -->
<!--    <bean id="matchDaoMethodsSource"-->
<!--        class="org.springframework.transaction.interceptor.NameMatchTransactionAttributeSource">-->
<!--        <property name="properties">-->
<!--            <props>-->
<!--                <prop key="save*">PROPAGATION_REQUIRED</prop>-->
<!--                <prop key="delete*">PROPAGATION_REQUIRED</prop>-->
<!--                <prop key="*">PROPAGATION_SUPPORTS,readOnly</prop>-->
<!--            </props>-->
<!--        </property>-->
<!--    </bean>-->
<!--    <bean id="matchDaoMethodsTxInterceptor"-->
<!--        class="org.springframework.transaction.interceptor.TransactionInterceptor">-->
<!--        <property name="transactionManager">-->
<!--            <ref bean="transactionManager"/>-->
<!--        </property>-->
<!--        <property name="transactionAttributeSource">-->
<!--            <ref bean="matchDaoMethodsSource"/>-->
<!--        </property>-->
<!--    </bean>-->

    <!-- One BeanNameAutoProxyCreator handles all beans where we want all methods to use
         PROPAGATION_REQUIRED -->
<!--    <bean id="daoAutoProxyCreator"-->
<!--        class="org.springframework.aop.framework.autoproxy.BeanNameAutoProxyCreator">-->
<!--        <property name="proxyTargetClass"><value>true</value></property>-->
<!--        <property name="interceptorNames">-->
<!--            <list>-->
<!--                <idref local="matchDaoMethodsTxInterceptor"/>-->
<!--            </list>-->
<!--        </property>-->
<!--        <property name="beanNames">-->
<!--            <list>-->
<!--                <value>*Dao</value>-->
<!--            </list>-->
<!--        </property>-->
<!--    </bean>-->

    <bean name="experimentDao" class="com.opensymphony.async.model.ExperimentDao">
        <property name="sessionFactory">
            <ref local="sessionFactory"/>
        </property>
    </bean>

</beans>