<caucho.com>

    <system-property org.apache.commons.logging.Log="org.apache.commons.logging.impl.SimpleLog"/>
    <system-property org.apache.commons.logging.simplelog.defaultlog="warn"/>

    <log id="/log" href="stderr:" timestamp="[%Y-%m-%d %H:%M:%S.%s]"/>

    <http-server error-log="build/resin-error.log">
        <doc-dir>src/webapp</doc-dir>
        <http port="8090"/>
        <host id="">
            <web-app id="caveat" app-dir=".">
                <work-dir>../../build/work</work-dir>
                <temp-dir>../../build/tmp</temp-dir>
                <cache-mapping url-pattern="/*" expires="2"/>
                <class-update-interval>100000000</class-update-interval>
                <jsp jsp-update-interval="1s"/>

                <classpath id="../../build/classes"/>
                <classpath id="../../lib/core" library-dir="true"/>
            </web-app>
        </host>
    </http-server>
</caucho.com>
