<?xml version="1.0"?>
<!DOCTYPE hibernate-mapping PUBLIC
    "-//Hibernate/Hibernate Mapping DTD 2.0//EN"
    "http://hibernate.sourceforge.net/hibernate-mapping-2.0.dtd" >

<hibernate-mapping>
    <class
        name="com.opensymphony.async.model.Experiment"
        table="Experiments"
        lazy="true"
        >
        <meta attribute="extends" inherit="false">com.opensymphony.async.model.AbstractDomainObject</meta>
        <cache usage="nonstrict-read-write"/>

        <id
            name="id"
            type="java.lang.String"
            column="experiment_id"
            >
            <generator class="assigned"/>
        </id>

        <version name="version" column="version" type="int" unsaved-value="negative"/>

        <property
            name="startDate"
            type="java.util.Date"
            column="start_date"
            not-null="true"
            />
        <property
            name="endDate"
            type="java.util.Date"
            column="end_date"
            not-null="true"
            />

        <!-- Associations -->

        <list
            name="runs"
            lazy="true"
            cascade="none"
            table="experiment_runs"
            inverse="true"
            >
            <cache usage="nonstrict-read-write"/>
            <key column="experiment_id"/>
            <index column="run_index"/>
            <one-to-many class="com.opensymphony.async.model.Run"/>
        </list>
    </class>
</hibernate-mapping>
