<?xml version="1.0"?>
<!DOCTYPE hibernate-mapping PUBLIC
    "-//Hibernate/Hibernate Mapping DTD 2.0//EN"
    "http://hibernate.sourceforge.net/hibernate-mapping-2.0.dtd" >

<hibernate-mapping>

    <class
        name="com.opensymphony.async.model.Run"
        table="Runs"
        lazy="true"
        >
        <meta attribute="extends" inherit="false">com.opensymphony.async.model.AbstractDomainObject</meta>
        <cache usage="nonstrict-read-write"/>

        <id
            name="id"
            type="java.lang.String"
            column="run_id"
            >
            <generator class="assigned"/>
        </id>

        <version name="version" column="version" type="int" unsaved-value="negative"/>

        <property
            name="runDate"
            type="java.util.Date"
            column="run_date"
            not-null="true"
            />

        <!-- Associations -->

        <!-- bi-directional many-to-one association to Experiment -->
        <many-to-one
            name="experiment"
            not-null="true"
            >
            <column name="experiment_id"/>
        </many-to-one>
    </class>
</hibernate-mapping>
