<!DOCTYPE hibernate-configuration PUBLIC
	"-//Hibernate/Hibernate Configuration DTD//EN"
	"http://hibernate.sourceforge.net/hibernate-configuration-2.0.dtd">

<hibernate-configuration>
	<session-factory>

		<!-- Use EHCache and the query cache. -->
		<property name="cache.provider_class">net.sf.hibernate.cache.EhCacheProvider</property>
		<property name="cache.use_query_cache">true</property>
        <!-- Set this to true if using a clustered cache to minimize the number of cache invalidation messages -->
		<property name="cache.use_minimal_puts">false</property>

		<!-- Print SQL to stdout. -->
		<property name="hibernate.show_sql">true</property>

        <!-- Set this property to true if your JDBC driver returns correct row counts -->
        <!-- from executeBatch() (it is usually safe to turn this option on). Hibernate -->
        <!--will then use batched DML for automatically versioned data. -->
        <property name="hibernate.jdbc.batch_versioned_data">true</property>

        <!-- Maximum relationship depth to fetch via outer joins -->
		<property name="hibernate.max_fetch_depth">2</property>

        <mapping resource="com/opensymphony/async/model/Experiment.hbm.xml"/>
        <mapping resource="com/opensymphony/async/model/Run.hbm.xml"/>

	</session-factory>

</hibernate-configuration>