<!DOCTYPE xwork PUBLIC "-//OpenSymphony Group//XWork 1.0//EN" "http://www.opensymphony.com/xwork/xwork-1.0.dtd">

<xwork>

    <include file="webwork-default.xml"/>

    <package name="default" extends="webwork-default">
        <result-types>
            <result-type name="messageResponseResult" class="com.opensymphony.messagework.jms.result.MessageResponseResult"/>
            <result-type name="actionMessageResult" class="com.opensymphony.messagework.jms.result.ActionMessageResult"/>
            <result-type name="executionResponseResult" class="com.opensymphony.messagework.jms.result.ExecutionResponseResult"/>
        </result-types>

        <interceptors>
            <interceptor name="transaction" class="com.opensymphony.async.TransactionInterceptor"/>

            <interceptor-stack name="transactionStack">
                <interceptor-ref name="validationWorkflowStack"/>
                <interceptor-ref name="transaction"/>
            </interceptor-stack>
        </interceptors>


        <default-interceptor-ref name="transactionStack"/>
    </package>

    <package name="web" namespace="/web" extends="default">
        <action name="listExperiments" class="com.opensymphony.async.web.actions.ListExperiments">
            <result name="success">/listexperiments.jsp</result>
        </action>

        <action name="showExperiment" class="com.opensymphony.async.web.actions.ShowExperiment">
            <result name="success" >/showexperiment.jsp</result>
        </action>

        <action name="runExperiment" class="com.opensymphony.async.web.actions.RunExperiment">
            <result name="success" type="redirect">showExperiment.action?experimentId=${experiment.id}</result>
        </action>
    </package>

    <package name="execAndWait" namespace="/wait" extends="web">
        <action name="runExperiment" class="com.opensymphony.async.web.actions.RunExperiment">
            <interceptor-ref name="transactionStack"/>
            <interceptor-ref name="execAndWait"/>
            <result name="wait">/wait.jsp</result>
            <result name="success" type="redirect">showExperiment.action?experimentId=${experiment.id}</result>
        </action>
    </package>

    <package name="message" namespace="/message" extends="web">
        <action name="runExperiment" class="com.opensymphony.async.web.actions.RunExperiment">
        </action>
        <action name="sendRunMessage" class="com.opensymphony.messagework.jms.SendMessageAction">
            <interceptor-ref name="static-params"/>
            <result name="success" type="redirect">listExperiments.action</result>
            <param name="namespace">/message</param>
            <param name="actionName">runExperiment</param>
            <param name="waitForResponse">false</param>
        </action>
    </package>
</xwork>